product_name;current_price;normal_price;product_url;store;extraction_date
Celular SAMSUNG Galaxy A36 256GB 5G Negro;1094900.0;1999900.0;https://www.alkosto.com/celular-samsung-galaxy-a36-256gb-5g-negro/p/8806097113843?algEvent=eyJvYmplY3RJZCI6Ijg4MDYwOTcxMTM4NDMiLCJpbmRleCI6ImFsa29zdG9JbmRleEFsZ29saWFQUkQiLCJhY3Rpb24iOiJ2aWV3IiwicXVlcnlJRCI6ImMzZDg3MzY0MzcwN2E3NDZiZjNiZDZjODYxNzQ4NGUwIn0=;alkosto;2025-08-14
Celular HONOR X8c 512GB Purpura;999900.0;2299000.0;https://www.alkosto.com/celular-honor-x8c-512gb-purpura/p/6936520862344?algEvent=eyJvYmplY3RJZCI6IjY5MzY1MjA4NjIzNDQiLCJpbmRleCI6ImFsa29zdG9JbmRleEFsZ29saWFQUkQiLCJhY3Rpb24iOiJ2aWV3IiwicXVlcnlJRCI6ImMzZDg3MzY0MzcwN2E3NDZiZjNiZDZjODYxNzQ4NGUwIn0=;alkosto;2025-08-14
Celular HONOR X8c 512GB Verde;999900.0;2299000.0;https://www.alkosto.com/celular-honor-x8c-512gb-verde/p/6936520862337?algEvent=eyJvYmplY3RJZCI6IjY5MzY1MjA4NjIzMzciLCJpbmRleCI6ImFsa29zdG9JbmRleEFsZ29saWFQUkQiLCJhY3Rpb24iOiJ2aWV3IiwicXVlcnlJRCI6ImMzZDg3MzY0MzcwN2E3NDZiZjNiZDZjODYxNzQ4NGUwIn0=;alkosto;2025-08-14
Celular SAMSUNG Galaxy A36 256GB 5G Gris;1094900.0;1999900.0;https://www.alkosto.com/celular-samsung-galaxy-a36-256gb-5g-gris/p/8806097113874?algEvent=eyJvYmplY3RJZCI6Ijg4MDYwOTcxMTM4NzQiLCJpbmRleCI6ImFsa29zdG9JbmRleEFsZ29saWFQUkQiLCJhY3Rpb24iOiJ2aWV3IiwicXVlcnlJRCI6ImMzZDg3MzY0MzcwN2E3NDZiZjNiZDZjODYxNzQ4NGUwIn0=;alkosto;2025-08-14
Celular REDMI Note 14 Pro 256GB Morado + Audifonos;1079900.0;2199900.0;https://www.alkosto.com/celular-redmi-note-14-pro-256gb-morado-audifonos/p/6932554406578?algEvent=eyJvYmplY3RJZCI6IjY5MzI1NTQ0MDY1NzgiLCJpbmRleCI6ImFsa29zdG9JbmRleEFsZ29saWFQUkQiLCJhY3Rpb24iOiJ2aWV3IiwicXVlcnlJRCI6ImMzZDg3MzY0MzcwN2E3NDZiZjNiZDZjODYxNzQ4NGUwIn0=;alkosto;2025-08-14
Celular REDMI Note 14 256GB Negro + Audifonos;799900.0;1499900.0;https://www.alkosto.com/celular-redmi-note-14-256gb-negro-audifonos/p/6932554408312?algEvent=eyJvYmplY3RJZCI6IjY5MzI1NTQ0MDgzMTIiLCJpbmRleCI6ImFsa29zdG9JbmRleEFsZ29saWFQUkQiLCJhY3Rpb24iOiJ2aWV3IiwicXVlcnlJRCI6ImMzZDg3MzY0MzcwN2E3NDZiZjNiZDZjODYxNzQ4NGUwIn0=;alkosto;2025-08-14
Celular SAMSUNG Galaxy A36 256GB 5G Morado;1094900.0;1999900.0;https://www.alkosto.com/celular-samsung-galaxy-a36-256gb-5g-morado/p/8806097113928?algEvent=eyJvYmplY3RJZCI6Ijg4MDYwOTcxMTM5MjgiLCJpbmRleCI6ImFsa29zdG9JbmRleEFsZ29saWFQUkQiLCJhY3Rpb24iOiJ2aWV3IiwicXVlcnlJRCI6ImMzZDg3MzY0MzcwN2E3NDZiZjNiZDZjODYxNzQ4NGUwIn0=;alkosto;2025-08-14
iPhone 13 128GB Blanco Estrella;2579010.0;4165010.0;https://www.alkosto.com/iphone13-128gb-blanco-estrella/p/194252707432?algEvent=eyJvYmplY3RJZCI6IjE5NDI1MjcwNzQzMiIsImluZGV4IjoiYWxrb3N0b0luZGV4QWxnb2xpYVBSRCIsImFjdGlvbiI6InZpZXciLCJxdWVyeUlEIjoiYzNkODczNjQzNzA3YTc0NmJmM2JkNmM4NjE3NDg0ZTAifQ==;alkosto;2025-08-14
Celular SAMSUNG Galaxy A36 256GB 5G Verde;1094900.0;1999900.0;https://www.alkosto.com/celular-samsung-galaxy-a36-256gb-5g-verde/p/8806097113966?algEvent=eyJvYmplY3RJZCI6Ijg4MDYwOTcxMTM5NjYiLCJpbmRleCI6ImFsa29zdG9JbmRleEFsZ29saWFQUkQiLCJhY3Rpb24iOiJ2aWV3IiwicXVlcnlJRCI6ImMzZDg3MzY0MzcwN2E3NDZiZjNiZDZjODYxNzQ4NGUwIn0=;alkosto;2025-08-14
Celular REDMI Note 14 Pro 256GB Negro + Audifonos;1079900.0;2199900.0;https://www.alkosto.com/celular-redmi-note-14-pro-256gb-negro-audifonos/p/6932554406912?algEvent=eyJvYmplY3RJZCI6IjY5MzI1NTQ0MDY5MTIiLCJpbmRleCI6ImFsa29zdG9JbmRleEFsZ29saWFQUkQiLCJhY3Rpb24iOiJ2aWV3IiwicXVlcnlJRCI6ImMzZDg3MzY0MzcwN2E3NDZiZjNiZDZjODYxNzQ4NGUwIn0=;alkosto;2025-08-14
Celular SAMSUNG Galaxy A26 256GB 5G Negro;869900.0;1349900.0;https://www.alkosto.com/celular-samsung-galaxy-a26-256gb-5g-negro/p/8806097113355?algEvent=eyJvYmplY3RJZCI6Ijg4MDYwOTcxMTMzNTUiLCJpbmRleCI6ImFsa29zdG9JbmRleEFsZ29saWFQUkQiLCJhY3Rpb24iOiJ2aWV3IiwicXVlcnlJRCI6ImMzZDg3MzY0MzcwN2E3NDZiZjNiZDZjODYxNzQ4NGUwIn0=;alkosto;2025-08-14
iPhone 13 128GB Azul Medianoche;2579010.0;4165010.0;https://www.alkosto.com/iphone13-128gb-azul-medianoche/p/194252707166?algEvent=eyJvYmplY3RJZCI6IjE5NDI1MjcwNzE2NiIsImluZGV4IjoiYWxrb3N0b0luZGV4QWxnb2xpYVBSRCIsImFjdGlvbiI6InZpZXciLCJxdWVyeUlEIjoiYzNkODczNjQzNzA3YTc0NmJmM2JkNmM4NjE3NDg0ZTAifQ==;alkosto;2025-08-14
iPhone 16e 128GB Negro;2999010.0;3489010.0;https://www.alkosto.com/iphone-16e-128gb-negro/p/195950051902?algEvent=eyJvYmplY3RJZCI6IjE5NTk1MDA1MTkwMiIsImluZGV4IjoiYWxrb3N0b0luZGV4QWxnb2xpYVBSRCIsImFjdGlvbiI6InZpZXciLCJxdWVyeUlEIjoiYzNkODczNjQzNzA3YTc0NmJmM2JkNmM4NjE3NDg0ZTAifQ==;alkosto;2025-08-14
Celular OPPO A5 256GB 5G Verde;899900.0;1999900.0;https://www.alkosto.com/celular-oppo-a5-256gb-5g-verde/p/6932169371292?algEvent=eyJvYmplY3RJZCI6IjY5MzIxNjkzNzEyOTIiLCJpbmRleCI6ImFsa29zdG9JbmRleEFsZ29saWFQUkQiLCJhY3Rpb24iOiJ2aWV3IiwicXVlcnlJRCI6ImMzZDg3MzY0MzcwN2E3NDZiZjNiZDZjODYxNzQ4NGUwIn0=;alkosto;2025-08-14
Celular MOTOROLA Edge 50 Fusion 256GB Verde;899900.0;2299900.0;https://www.alkosto.com/celular-motorola-edge-50-fusion-256gb-verde/p/840023261879?algEvent=eyJvYmplY3RJZCI6Ijg0MDAyMzI2MTg3OSIsImluZGV4IjoiYWxrb3N0b0luZGV4QWxnb2xpYVBSRCIsImFjdGlvbiI6InZpZXciLCJxdWVyeUlEIjoiYzNkODczNjQzNzA3YTc0NmJmM2JkNmM4NjE3NDg0ZTAifQ==;alkosto;2025-08-14
Celular SAMSUNG Galaxy A26 256GB 5G Verde Claro;869900.0;1349900.0;https://www.alkosto.com/celular-samsung-galaxy-a26-256gb-5g-verde-claro/p/8806097113362?algEvent=eyJvYmplY3RJZCI6Ijg4MDYwOTcxMTMzNjIiLCJpbmRleCI6ImFsa29zdG9JbmRleEFsZ29saWFQUkQiLCJhY3Rpb24iOiJ2aWV3IiwicXVlcnlJRCI6ImMzZDg3MzY0MzcwN2E3NDZiZjNiZDZjODYxNzQ4NGUwIn0=;alkosto;2025-08-14
iPhone 16e 128GB Blanco;2999010.0;3489010.0;https://www.alkosto.com/iphone-16e-128gb-blanco/p/195950051926?algEvent=eyJvYmplY3RJZCI6IjE5NTk1MDA1MTkyNiIsImluZGV4IjoiYWxrb3N0b0luZGV4QWxnb2xpYVBSRCIsImFjdGlvbiI6InZpZXciLCJxdWVyeUlEIjoiYzNkODczNjQzNzA3YTc0NmJmM2JkNmM4NjE3NDg0ZTAifQ==;alkosto;2025-08-14
Celular OPPO A5 256GB 5G Blanco;899900.0;1999900.0;https://www.alkosto.com/celular-oppo-a5-256gb-5g-blanco/p/6932169371308?algEvent=eyJvYmplY3RJZCI6IjY5MzIxNjkzNzEzMDgiLCJpbmRleCI6ImFsa29zdG9JbmRleEFsZ29saWFQUkQiLCJhY3Rpb24iOiJ2aWV3IiwicXVlcnlJRCI6ImMzZDg3MzY0MzcwN2E3NDZiZjNiZDZjODYxNzQ4NGUwIn0=;alkosto;2025-08-14
Celular REDMI Note 14 256GB Azul + Audifonos;799900.0;1499900.0;https://www.alkosto.com/celular-redmi-note-14-256gb-azul-audifonos/p/6932554408176?algEvent=eyJvYmplY3RJZCI6IjY5MzI1NTQ0MDgxNzYiLCJpbmRleCI6ImFsa29zdG9JbmRleEFsZ29saWFQUkQiLCJhY3Rpb24iOiJ2aWV3IiwicXVlcnlJRCI6ImMzZDg3MzY0MzcwN2E3NDZiZjNiZDZjODYxNzQ4NGUwIn0=;alkosto;2025-08-14
Celular REDMI 13 256GB Negro;599900.0;1499900.0;https://www.alkosto.com/celular-redmi-13-256gb-negro/p/6941812776872?algEvent=eyJvYmplY3RJZCI6IjY5NDE4MTI3NzY4NzIiLCJpbmRleCI6ImFsa29zdG9JbmRleEFsZ29saWFQUkQiLCJhY3Rpb24iOiJ2aWV3IiwicXVlcnlJRCI6ImMzZDg3MzY0MzcwN2E3NDZiZjNiZDZjODYxNzQ4NGUwIn0=;alkosto;2025-08-14
Celular MOTOROLA Edge 50 Fusion 256GB Azul;899900.0;2299900.0;https://www.alkosto.com/celular-motorola-edge-50-fusion-256gb-azul/p/840023261893?algEvent=eyJvYmplY3RJZCI6Ijg0MDAyMzI2MTg5MyIsImluZGV4IjoiYWxrb3N0b0luZGV4QWxnb2xpYVBSRCIsImFjdGlvbiI6InZpZXciLCJxdWVyeUlEIjoiYzNkODczNjQzNzA3YTc0NmJmM2JkNmM4NjE3NDg0ZTAifQ==;alkosto;2025-08-14
Celular REDMI Note 14 256GB Verde + Audifonos;799900.0;1499900.0;https://www.alkosto.com/celular-redmi-note-14-256gb-verde-audifonos/p/6932554408565?algEvent=eyJvYmplY3RJZCI6IjY5MzI1NTQ0MDg1NjUiLCJpbmRleCI6ImFsa29zdG9JbmRleEFsZ29saWFQUkQiLCJhY3Rpb24iOiJ2aWV3IiwicXVlcnlJRCI6ImMzZDg3MzY0MzcwN2E3NDZiZjNiZDZjODYxNzQ4NGUwIn0=;alkosto;2025-08-14
Celular OPPO A5 Pro 256GB 5G café;1499900.0;2399900.0;https://www.alkosto.com/celular-oppo-a5-pro-256gb-5g-cafe/p/6932169363938?algEvent=eyJvYmplY3RJZCI6IjY5MzIxNjkzNjM5MzgiLCJpbmRleCI6ImFsa29zdG9JbmRleEFsZ29saWFQUkQiLCJhY3Rpb24iOiJ2aWV3IiwicXVlcnlJRCI6ImMzZDg3MzY0MzcwN2E3NDZiZjNiZDZjODYxNzQ4NGUwIn0=;alkosto;2025-08-14
Celular MOTOROLA Edge 50 Fusion 256GB Rosado;899900.0;2299900.0;https://www.alkosto.com/celular-motorola-edge-50-fusion-256gb-rosado/p/840023261886?algEvent=eyJvYmplY3RJZCI6Ijg0MDAyMzI2MTg4NiIsImluZGV4IjoiYWxrb3N0b0luZGV4QWxnb2xpYVBSRCIsImFjdGlvbiI6InZpZXciLCJxdWVyeUlEIjoiYzNkODczNjQzNzA3YTc0NmJmM2JkNmM4NjE3NDg0ZTAifQ==;alkosto;2025-08-14
Celular REDMI Note 14 Pro 256GB Azul Audifonos;1079900.0;2199900.0;https://www.alkosto.com/celular-redmi-note-14-pro-256gb-azul-audifonos/p/6932554406813?algEvent=eyJvYmplY3RJZCI6IjY5MzI1NTQ0MDY4MTMiLCJpbmRleCI6ImFsa29zdG9JbmRleEFsZ29saWFQUkQiLCJhY3Rpb24iOiJ2aWV3IiwicXVlcnlJRCI6ImMzZDg3MzY0MzcwN2E3NDZiZjNiZDZjODYxNzQ4NGUwIn0=;alkosto;2025-08-14
Celular SAMSUNG Galaxy A16 256GB LTE Negro;679900.0;979900.0;https://www.alkosto.com/celular-samsung-galaxy-a16-256gb-lte-negro/p/8806095819068?algEvent=eyJvYmplY3RJZCI6Ijg4MDYwOTU4MTkwNjgiLCJpbmRleCI6ImFsa29zdG9JbmRleEFsZ29saWFQUkQiLCJhY3Rpb24iOiJ2aWV3IiwicXVlcnlJRCI6Ijk2NTQ4ODRkYTEzYmNmOWFjNGViNWVmYzk3MzdmMDY4In0=;alkosto;2025-08-14
Celular SAMSUNG Galaxy A56 256GB 5G Negro;1749900.0;2399900.0;https://www.alkosto.com/celular-samsung-galaxy-a56-256gb-5g-negro/p/8806097117117?algEvent=eyJvYmplY3RJZCI6Ijg4MDYwOTcxMTcxMTciLCJpbmRleCI6ImFsa29zdG9JbmRleEFsZ29saWFQUkQiLCJhY3Rpb24iOiJ2aWV3IiwicXVlcnlJRCI6Ijk2NTQ4ODRkYTEzYmNmOWFjNGViNWVmYzk3MzdmMDY4In0=;alkosto;2025-08-14
Celular SAMSUNG Galaxy A56 256GB 5G Rosado;1749900.0;2399900.0;https://www.alkosto.com/celular-samsung-galaxy-a56-256gb-5g-rosado/p/8806097117223?algEvent=eyJvYmplY3RJZCI6Ijg4MDYwOTcxMTcyMjMiLCJpbmRleCI6ImFsa29zdG9JbmRleEFsZ29saWFQUkQiLCJhY3Rpb24iOiJ2aWV3IiwicXVlcnlJRCI6Ijk2NTQ4ODRkYTEzYmNmOWFjNGViNWVmYzk3MzdmMDY4In0=;alkosto;2025-08-14
Celular REDMI 13 256GB Azul;599900.0;1499900.0;https://www.alkosto.com/celular-redmi-13-256gb-azul/p/6941812780695?algEvent=eyJvYmplY3RJZCI6IjY5NDE4MTI3ODA2OTUiLCJpbmRleCI6ImFsa29zdG9JbmRleEFsZ29saWFQUkQiLCJhY3Rpb24iOiJ2aWV3IiwicXVlcnlJRCI6Ijk2NTQ4ODRkYTEzYmNmOWFjNGViNWVmYzk3MzdmMDY4In0=;alkosto;2025-08-14
Celular OPPO A5 Pro 256GB 5G rosa;1499900.0;2399900.0;https://www.alkosto.com/celular-oppo-a5-pro-256gb-5g-rosa/p/6932169363945?algEvent=eyJvYmplY3RJZCI6IjY5MzIxNjkzNjM5NDUiLCJpbmRleCI6ImFsa29zdG9JbmRleEFsZ29saWFQUkQiLCJhY3Rpb24iOiJ2aWV3IiwicXVlcnlJRCI6Ijk2NTQ4ODRkYTEzYmNmOWFjNGViNWVmYzk3MzdmMDY4In0=;alkosto;2025-08-14
Celular SAMSUNG Galaxy S24 256GB Negro;2499990.0;4799990.0;https://www.alkosto.com/celular-samsung-galaxy-s24-256gb-negro/p/8806095301501?algEvent=eyJvYmplY3RJZCI6Ijg4MDYwOTUzMDE1MDEiLCJpbmRleCI6ImFsa29zdG9JbmRleEFsZ29saWFQUkQiLCJhY3Rpb24iOiJ2aWV3IiwicXVlcnlJRCI6Ijk2NTQ4ODRkYTEzYmNmOWFjNGViNWVmYzk3MzdmMDY4In0=;alkosto;2025-08-14
iPhone 15 128 GB 5G Negro;4059010.0;4599010.0;https://www.alkosto.com/iphone-15-128gb-5g-negro/p/195949035913?algEvent=eyJvYmplY3RJZCI6IjE5NTk0OTAzNTkxMyIsImluZGV4IjoiYWxrb3N0b0luZGV4QWxnb2xpYVBSRCIsImFjdGlvbiI6InZpZXciLCJxdWVyeUlEIjoiOTY1NDg4NGRhMTNiY2Y5YWM0ZWI1ZWZjOTczN2YwNjgifQ==;alkosto;2025-08-14
Celular ZTE Nubia Neo 3 GT 5G Gris;899900.0;1499900.0;https://www.alkosto.com/celular-zte-nubia-neo-3-gt-5g-gris/p/6902176141935?algEvent=eyJvYmplY3RJZCI6IjY5MDIxNzYxNDE5MzUiLCJpbmRleCI6ImFsa29zdG9JbmRleEFsZ29saWFQUkQiLCJhY3Rpb24iOiJ2aWV3IiwicXVlcnlJRCI6Ijk2NTQ4ODRkYTEzYmNmOWFjNGViNWVmYzk3MzdmMDY4In0=;alkosto;2025-08-14
Celular MOTOROLA G15 256GB Gris;479900.0;999900.0;https://www.alkosto.com/celular-motorola-g15-256gb-gris/p/840023280283?algEvent=eyJvYmplY3RJZCI6Ijg0MDAyMzI4MDI4MyIsImluZGV4IjoiYWxrb3N0b0luZGV4QWxnb2xpYVBSRCIsImFjdGlvbiI6InZpZXciLCJxdWVyeUlEIjoiOTY1NDg4NGRhMTNiY2Y5YWM0ZWI1ZWZjOTczN2YwNjgifQ==;alkosto;2025-08-14
Celular REALME 14 256GB 5G Plata;1094900.0;1999900.0;https://www.alkosto.com/celular-realme-14-256gb-5g-plata/p/6941764458116?algEvent=eyJvYmplY3RJZCI6IjY5NDE3NjQ0NTgxMTYiLCJpbmRleCI6ImFsa29zdG9JbmRleEFsZ29saWFQUkQiLCJhY3Rpb24iOiJ2aWV3IiwicXVlcnlJRCI6Ijk2NTQ4ODRkYTEzYmNmOWFjNGViNWVmYzk3MzdmMDY4In0=;alkosto;2025-08-14
iPhone 15 128 GB 5G Rosa;4059010.0;4599010.0;https://www.alkosto.com/iphone-15-128gb-5g-rosa/p/195949036095?algEvent=eyJvYmplY3RJZCI6IjE5NTk0OTAzNjA5NSIsImluZGV4IjoiYWxrb3N0b0luZGV4QWxnb2xpYVBSRCIsImFjdGlvbiI6InZpZXciLCJxdWVyeUlEIjoiOTY1NDg4NGRhMTNiY2Y5YWM0ZWI1ZWZjOTczN2YwNjgifQ==;alkosto;2025-08-14
Celular VIVO Y39 256GB 5G Violeta;1094900.0;1999900.0;https://www.alkosto.com/celular-vivo-y39-256gb-5g-violeta/p/6935117898995?algEvent=eyJvYmplY3RJZCI6IjY5MzUxMTc4OTg5OTUiLCJpbmRleCI6ImFsa29zdG9JbmRleEFsZ29saWFQUkQiLCJhY3Rpb24iOiJ2aWV3IiwicXVlcnlJRCI6Ijk2NTQ4ODRkYTEzYmNmOWFjNGViNWVmYzk3MzdmMDY4In0=;alkosto;2025-08-14
Celular SAMSUNG Galaxy S24FE 512GB 5G Negro;2999990.0;4549990.0;https://www.alkosto.com/celular-samsung-galaxy-s24fe-512gb-5g-negro/p/8806095745961?algEvent=eyJvYmplY3RJZCI6Ijg4MDYwOTU3NDU5NjEiLCJpbmRleCI6ImFsa29zdG9JbmRleEFsZ29saWFQUkQiLCJhY3Rpb24iOiJ2aWV3IiwicXVlcnlJRCI6Ijk2NTQ4ODRkYTEzYmNmOWFjNGViNWVmYzk3MzdmMDY4In0=;alkosto;2025-08-14
Celular SAMSUNG Galaxy A26 256GB 5G Blanco;869900.0;1349900.0;https://www.alkosto.com/celular-samsung-galaxy-a26-256gb-5g-blanco/p/8806097113331?algEvent=eyJvYmplY3RJZCI6Ijg4MDYwOTcxMTMzMzEiLCJpbmRleCI6ImFsa29zdG9JbmRleEFsZ29saWFQUkQiLCJhY3Rpb24iOiJ2aWV3IiwicXVlcnlJRCI6Ijk2NTQ4ODRkYTEzYmNmOWFjNGViNWVmYzk3MzdmMDY4In0=;alkosto;2025-08-14
iPhone 16 Pro Max 256 GB Titanio Del Desierto;6969010.0;;https://www.alkosto.com/iphone-16-pro-max-256gb-titanio-del-desierto/p/195949806032?algEvent=eyJvYmplY3RJZCI6IjE5NTk0OTgwNjAzMiIsImluZGV4IjoiYWxrb3N0b0luZGV4QWxnb2xpYVBSRCIsImFjdGlvbiI6InZpZXciLCJxdWVyeUlEIjoiOTY1NDg4NGRhMTNiY2Y5YWM0ZWI1ZWZjOTczN2YwNjgifQ==;alkosto;2025-08-14
Celular OPPO Reno 13F 512GB 5G Gris + Reloj;2499900.0;3599900.0;https://www.alkosto.com/celular-oppo-reno-13f-512gb-5g-gris-reloj/p/7708334730558?algEvent=eyJvYmplY3RJZCI6Ijc3MDgzMzQ3MzA1NTgiLCJpbmRleCI6ImFsa29zdG9JbmRleEFsZ29saWFQUkQiLCJhY3Rpb24iOiJ2aWV3IiwicXVlcnlJRCI6Ijk2NTQ4ODRkYTEzYmNmOWFjNGViNWVmYzk3MzdmMDY4In0=;alkosto;2025-08-14
Celular MOTOROLA G55 256GB Negro;749900.0;1399900.0;https://www.alkosto.com/celular-motorola-g55-256gb-negro/p/840023287305?algEvent=eyJvYmplY3RJZCI6Ijg0MDAyMzI4NzMwNSIsImluZGV4IjoiYWxrb3N0b0luZGV4QWxnb2xpYVBSRCIsImFjdGlvbiI6InZpZXciLCJxdWVyeUlEIjoiOTY1NDg4NGRhMTNiY2Y5YWM0ZWI1ZWZjOTczN2YwNjgifQ==;alkosto;2025-08-14
Celular REALME 14 256GB 5G Titanio;1094900.0;1999900.0;https://www.alkosto.com/celular-realme-14-256gb-5g-titanio/p/6941764458031?algEvent=eyJvYmplY3RJZCI6IjY5NDE3NjQ0NTgwMzEiLCJpbmRleCI6ImFsa29zdG9JbmRleEFsZ29saWFQUkQiLCJhY3Rpb24iOiJ2aWV3IiwicXVlcnlJRCI6Ijk2NTQ4ODRkYTEzYmNmOWFjNGViNWVmYzk3MzdmMDY4In0=;alkosto;2025-08-14
Celular SAMSUNG Galaxy A16 256GB LTE Gris;679900.0;979900.0;https://www.alkosto.com/celular-samsung-galaxy-a16-256gb-lte-gris/p/8806095818054?algEvent=eyJvYmplY3RJZCI6Ijg4MDYwOTU4MTgwNTQiLCJpbmRleCI6ImFsa29zdG9JbmRleEFsZ29saWFQUkQiLCJhY3Rpb24iOiJ2aWV3IiwicXVlcnlJRCI6Ijk2NTQ4ODRkYTEzYmNmOWFjNGViNWVmYzk3MzdmMDY4In0=;alkosto;2025-08-14
Celular REDMI 13 256GB Dorado;599900.0;1499900.0;https://www.alkosto.com/celular-redmi-13-256gb-dorado/p/6941812780428?algEvent=eyJvYmplY3RJZCI6IjY5NDE4MTI3ODA0MjgiLCJpbmRleCI6ImFsa29zdG9JbmRleEFsZ29saWFQUkQiLCJhY3Rpb24iOiJ2aWV3IiwicXVlcnlJRCI6Ijk2NTQ4ODRkYTEzYmNmOWFjNGViNWVmYzk3MzdmMDY4In0=;alkosto;2025-08-14
Celular HONOR X7c 256GB Negro;779900.0;1499900.0;https://www.alkosto.com/celular-honor-x7c-256gb-negro/p/6936520855933?algEvent=eyJvYmplY3RJZCI6IjY5MzY1MjA4NTU5MzMiLCJpbmRleCI6ImFsa29zdG9JbmRleEFsZ29saWFQUkQiLCJhY3Rpb24iOiJ2aWV3IiwicXVlcnlJRCI6Ijk2NTQ4ODRkYTEzYmNmOWFjNGViNWVmYzk3MzdmMDY4In0=;alkosto;2025-08-14
Celular OPPO A40 256GB Café;499900.0;1599900.0;https://www.alkosto.com/celular-oppo-a40-256gb-cafe/p/6932169354202?algEvent=eyJvYmplY3RJZCI6IjY5MzIxNjkzNTQyMDIiLCJpbmRleCI6ImFsa29zdG9JbmRleEFsZ29saWFQUkQiLCJhY3Rpb24iOiJ2aWV3IiwicXVlcnlJRCI6Ijk2NTQ4ODRkYTEzYmNmOWFjNGViNWVmYzk3MzdmMDY4In0=;alkosto;2025-08-14
Celular SAMSUNG Galaxy A16 256GB LTE Verde Claro;679900.0;979900.0;https://www.alkosto.com/celular-samsung-galaxy-a16-256gb-lte-verde-claro/p/8806095818092?algEvent=eyJvYmplY3RJZCI6Ijg4MDYwOTU4MTgwOTIiLCJpbmRleCI6ImFsa29zdG9JbmRleEFsZ29saWFQUkQiLCJhY3Rpb24iOiJ2aWV3IiwicXVlcnlJRCI6Ijk2NTQ4ODRkYTEzYmNmOWFjNGViNWVmYzk3MzdmMDY4In0=;alkosto;2025-08-14
Celular SAMSUNG Galaxy S24FE 512GB 5G Gris;2999990.0;4549990.0;https://www.alkosto.com/celular-samsung-galaxy-s24fe-512gb-5g-gris/p/8806095746142?algEvent=eyJvYmplY3RJZCI6Ijg4MDYwOTU3NDYxNDIiLCJpbmRleCI6ImFsa29zdG9JbmRleEFsZ29saWFQUkQiLCJhY3Rpb24iOiJ2aWV3IiwicXVlcnlJRCI6Ijk2NTQ4ODRkYTEzYmNmOWFjNGViNWVmYzk3MzdmMDY4In0=;alkosto;2025-08-14
Celular MOTOROLA G15 256GB Verde;479900.0;999900.0;https://www.alkosto.com/celular-motorola-g15-256gb-verde/p/840023280252?algEvent=eyJvYmplY3RJZCI6Ijg0MDAyMzI4MDI1MiIsImluZGV4IjoiYWxrb3N0b0luZGV4QWxnb2xpYVBSRCIsImFjdGlvbiI6InZpZXciLCJxdWVyeUlEIjoiOTY1NDg4NGRhMTNiY2Y5YWM0ZWI1ZWZjOTczN2YwNjgifQ==;alkosto;2025-08-14
Celular OPPO A20 128GB Café;399900.0;999900.0;https://www.alkosto.com/celular-oppo-a20-128gb-cafe/p/6932169353663?algEvent=eyJvYmplY3RJZCI6IjY5MzIxNjkzNTM2NjMiLCJpbmRleCI6ImFsa29zdG9JbmRleEFsZ29saWFQUkQiLCJhY3Rpb24iOiJ2aWV3IiwicXVlcnlJRCI6IjE2YjEzMzJiNDRkYmU2YmU2NjYyNTM4ODU3M2M0NjUzIn0=;alkosto;2025-08-14
Celular HONOR X7c 256GB Blanco;779900.0;1499900.0;https://www.alkosto.com/celular-honor-x7c-256gb-blanco/p/6936520855926?algEvent=eyJvYmplY3RJZCI6IjY5MzY1MjA4NTU5MjYiLCJpbmRleCI6ImFsa29zdG9JbmRleEFsZ29saWFQUkQiLCJhY3Rpb24iOiJ2aWV3IiwicXVlcnlJRCI6IjE2YjEzMzJiNDRkYmU2YmU2NjYyNTM4ODU3M2M0NjUzIn0=;alkosto;2025-08-14
Celular SAMSUNG Galaxy S24FE 512GB 5G Azul;2999990.0;4549990.0;https://www.alkosto.com/celular-samsung-galaxy-s24fe-512gb-5g-azul/p/8806095745749?algEvent=eyJvYmplY3RJZCI6Ijg4MDYwOTU3NDU3NDkiLCJpbmRleCI6ImFsa29zdG9JbmRleEFsZ29saWFQUkQiLCJhY3Rpb24iOiJ2aWV3IiwicXVlcnlJRCI6IjE2YjEzMzJiNDRkYmU2YmU2NjYyNTM4ODU3M2M0NjUzIn0=;alkosto;2025-08-14
Celular MOTOROLA G05 128GB Verde;389900.0;699900.0;https://www.alkosto.com/celular-motorola-g05-128gb-verde/p/840023280481?algEvent=eyJvYmplY3RJZCI6Ijg0MDAyMzI4MDQ4MSIsImluZGV4IjoiYWxrb3N0b0luZGV4QWxnb2xpYVBSRCIsImFjdGlvbiI6InZpZXciLCJxdWVyeUlEIjoiMTZiMTMzMmI0NGRiZTZiZTY2NjI1Mzg4NTczYzQ2NTMifQ==;alkosto;2025-08-14
Celular TECNO Spark 30 256GB 5G Negro;669900.0;1094900.0;https://www.alkosto.com/celular-tecno-spark-30-256gb-5g-negro/p/4894947041815?algEvent=eyJvYmplY3RJZCI6IjQ4OTQ5NDcwNDE4MTUiLCJpbmRleCI6ImFsa29zdG9JbmRleEFsZ29saWFQUkQiLCJhY3Rpb24iOiJ2aWV3IiwicXVlcnlJRCI6IjE2YjEzMzJiNDRkYmU2YmU2NjYyNTM4ODU3M2M0NjUzIn0=;alkosto;2025-08-14
Celular HONOR Magic 7 Lite 512GB 5G Purpura + Reloj;1999900.0;2999900.0;https://www.alkosto.com/celular-honor-magic-7-lite-512gb-5g-purpura-reloj/p/7707945527946?algEvent=eyJvYmplY3RJZCI6Ijc3MDc5NDU1Mjc5NDYiLCJpbmRleCI6ImFsa29zdG9JbmRleEFsZ29saWFQUkQiLCJhY3Rpb24iOiJ2aWV3IiwicXVlcnlJRCI6IjE2YjEzMzJiNDRkYmU2YmU2NjYyNTM4ODU3M2M0NjUzIn0=;alkosto;2025-08-14
Celular Motorola G75 256GB 5G Gris;849900.0;1599900.0;https://www.alkosto.com/celular-motorola-g75-256gb-5g-gris/p/840023274114?algEvent=eyJvYmplY3RJZCI6Ijg0MDAyMzI3NDExNCIsImluZGV4IjoiYWxrb3N0b0luZGV4QWxnb2xpYVBSRCIsImFjdGlvbiI6InZpZXciLCJxdWVyeUlEIjoiMTZiMTMzMmI0NGRiZTZiZTY2NjI1Mzg4NTczYzQ2NTMifQ==;alkosto;2025-08-14
Celular SAMSUNG Galaxy S24 256GB Morado;2499990.0;4799990.0;https://www.alkosto.com/celular-samsung-galaxy-s24-256gb-morado/p/8806095301457?algEvent=eyJvYmplY3RJZCI6Ijg4MDYwOTUzMDE0NTciLCJpbmRleCI6ImFsa29zdG9JbmRleEFsZ29saWFQUkQiLCJhY3Rpb24iOiJ2aWV3IiwicXVlcnlJRCI6IjE2YjEzMzJiNDRkYmU2YmU2NjYyNTM4ODU3M2M0NjUzIn0=;alkosto;2025-08-14
Celular SAMSUNG Galaxy S24 256GB Gris;2499990.0;4799990.0;https://www.alkosto.com/celular-samsung-galaxy-s24-256gb-gris/p/8806095301303?algEvent=eyJvYmplY3RJZCI6Ijg4MDYwOTUzMDEzMDMiLCJpbmRleCI6ImFsa29zdG9JbmRleEFsZ29saWFQUkQiLCJhY3Rpb24iOiJ2aWV3IiwicXVlcnlJRCI6IjE2YjEzMzJiNDRkYmU2YmU2NjYyNTM4ODU3M2M0NjUzIn0=;alkosto;2025-08-14
Celular REDMI 14C 128GB Azul;399900.0;899900.0;https://www.alkosto.com/celular-redmi-14c-128gb-azul/p/6941812762820?algEvent=eyJvYmplY3RJZCI6IjY5NDE4MTI3NjI4MjAiLCJpbmRleCI6ImFsa29zdG9JbmRleEFsZ29saWFQUkQiLCJhY3Rpb24iOiJ2aWV3IiwicXVlcnlJRCI6IjE2YjEzMzJiNDRkYmU2YmU2NjYyNTM4ODU3M2M0NjUzIn0=;alkosto;2025-08-14
Celular VIVO Y39 256GB 5G Azul;1094900.0;1999900.0;https://www.alkosto.com/celular-vivo-y39-256gb-5g-azul/p/6935117899022?algEvent=eyJvYmplY3RJZCI6IjY5MzUxMTc4OTkwMjIiLCJpbmRleCI6ImFsa29zdG9JbmRleEFsZ29saWFQUkQiLCJhY3Rpb24iOiJ2aWV3IiwicXVlcnlJRCI6IjE2YjEzMzJiNDRkYmU2YmU2NjYyNTM4ODU3M2M0NjUzIn0=;alkosto;2025-08-14
Celular Motorola G75 256GB 5G Verde;849900.0;1599900.0;https://www.alkosto.com/celular-motorola-g75-256gb-5g-verde/p/840023274138?algEvent=eyJvYmplY3RJZCI6Ijg0MDAyMzI3NDEzOCIsImluZGV4IjoiYWxrb3N0b0luZGV4QWxnb2xpYVBSRCIsImFjdGlvbiI6InZpZXciLCJxdWVyeUlEIjoiMTZiMTMzMmI0NGRiZTZiZTY2NjI1Mzg4NTczYzQ2NTMifQ==;alkosto;2025-08-14
Celular HONOR Magic 7 Lite 512GB 5G Negro + Reloj;1999900.0;2999900.0;https://www.alkosto.com/celular-honor-magic-7-lite-512gb-5g-negro-reloj/p/7707945527991?algEvent=eyJvYmplY3RJZCI6Ijc3MDc5NDU1Mjc5OTEiLCJpbmRleCI6ImFsa29zdG9JbmRleEFsZ29saWFQUkQiLCJhY3Rpb24iOiJ2aWV3IiwicXVlcnlJRCI6IjE2YjEzMzJiNDRkYmU2YmU2NjYyNTM4ODU3M2M0NjUzIn0=;alkosto;2025-08-14
Celular HONOR 400 512GB 5G Dorado + Reloj;2799900.0;3599900.0;https://www.alkosto.com/celular-honor-400-512gb-5g-dorado-reloj/p/7707945527519?algEvent=eyJvYmplY3RJZCI6Ijc3MDc5NDU1Mjc1MTkiLCJpbmRleCI6ImFsa29zdG9JbmRleEFsZ29saWFQUkQiLCJhY3Rpb24iOiJ2aWV3IiwicXVlcnlJRCI6IjE2YjEzMzJiNDRkYmU2YmU2NjYyNTM4ODU3M2M0NjUzIn0=;alkosto;2025-08-14
Celular MOTOROLA G55 256GB Rosado;749900.0;1399900.0;https://www.alkosto.com/celular-motorola-g55-256gb-rosado/p/840023287312?algEvent=eyJvYmplY3RJZCI6Ijg0MDAyMzI4NzMxMiIsImluZGV4IjoiYWxrb3N0b0luZGV4QWxnb2xpYVBSRCIsImFjdGlvbiI6InZpZXciLCJxdWVyeUlEIjoiMTZiMTMzMmI0NGRiZTZiZTY2NjI1Mzg4NTczYzQ2NTMifQ==;alkosto;2025-08-14
Celular TECNO Camon 40 Pro 256GB Blanco;1094900.0;1999900.0;https://www.alkosto.com/celular-tecno-camon-40-pro-256gb-blanco/p/4894947068669?algEvent=eyJvYmplY3RJZCI6IjQ4OTQ5NDcwNjg2NjkiLCJpbmRleCI6ImFsa29zdG9JbmRleEFsZ29saWFQUkQiLCJhY3Rpb24iOiJ2aWV3IiwicXVlcnlJRCI6IjE2YjEzMzJiNDRkYmU2YmU2NjYyNTM4ODU3M2M0NjUzIn0=;alkosto;2025-08-14
Celular MOTOROLA Edge 60 Fusion 256GB 5G Rosado;1349900.0;2299900.0;https://www.alkosto.com/celular-motorola-edge-60-fusion-256gb-5g-rosado/p/840023293801?algEvent=eyJvYmplY3RJZCI6Ijg0MDAyMzI5MzgwMSIsImluZGV4IjoiYWxrb3N0b0luZGV4QWxnb2xpYVBSRCIsImFjdGlvbiI6InZpZXciLCJxdWVyeUlEIjoiMTZiMTMzMmI0NGRiZTZiZTY2NjI1Mzg4NTczYzQ2NTMifQ==;alkosto;2025-08-14
Celular ZTE V70 Design 256GB Gris;399900.0;859900.0;https://www.alkosto.com/celular-zte-v70-design-256gb-gris/p/6902176133763?algEvent=eyJvYmplY3RJZCI6IjY5MDIxNzYxMzM3NjMiLCJpbmRleCI6ImFsa29zdG9JbmRleEFsZ29saWFQUkQiLCJhY3Rpb24iOiJ2aWV3IiwicXVlcnlJRCI6IjE2YjEzMzJiNDRkYmU2YmU2NjYyNTM4ODU3M2M0NjUzIn0=;alkosto;2025-08-14
Celular HONOR X5b Plus 256GB Negro;479900.0;799900.0;https://www.alkosto.com/celular-honor-x5b-plus-256gb-negro/p/6936520855353?algEvent=eyJvYmplY3RJZCI6IjY5MzY1MjA4NTUzNTMiLCJpbmRleCI6ImFsa29zdG9JbmRleEFsZ29saWFQUkQiLCJhY3Rpb24iOiJ2aWV3IiwicXVlcnlJRCI6IjE2YjEzMzJiNDRkYmU2YmU2NjYyNTM4ODU3M2M0NjUzIn0=;alkosto;2025-08-14
Celular OPPO A20 128GB Azul;399900.0;999900.0;https://www.alkosto.com/celular-oppo-a20-128gb-azul/p/6932169354424?algEvent=eyJvYmplY3RJZCI6IjY5MzIxNjkzNTQ0MjQiLCJpbmRleCI6ImFsa29zdG9JbmRleEFsZ29saWFQUkQiLCJhY3Rpb24iOiJ2aWV3IiwicXVlcnlJRCI6IjE2YjEzMzJiNDRkYmU2YmU2NjYyNTM4ODU3M2M0NjUzIn0=;alkosto;2025-08-14
Celular SAMSUNG Galaxy A06 128GB Negro;399900.0;529900.0;https://www.alkosto.com/celular-samsung-galaxy-a06-128gb-negro/p/8806095817521?algEvent=eyJvYmplY3RJZCI6Ijg4MDYwOTU4MTc1MjEiLCJpbmRleCI6ImFsa29zdG9JbmRleEFsZ29saWFQUkQiLCJhY3Rpb24iOiJ2aWV3IiwicXVlcnlJRCI6IjE2YjEzMzJiNDRkYmU2YmU2NjYyNTM4ODU3M2M0NjUzIn0=;alkosto;2025-08-14
Celular Motorola G75 256GB 5G Azul;849900.0;1599900.0;https://www.alkosto.com/celular-motorola-g75-256gb-5g-azul/p/840023274121?algEvent=eyJvYmplY3RJZCI6Ijg0MDAyMzI3NDEyMSIsImluZGV4IjoiYWxrb3N0b0luZGV4QWxnb2xpYVBSRCIsImFjdGlvbiI6InZpZXciLCJxdWVyeUlEIjoiMTZiMTMzMmI0NGRiZTZiZTY2NjI1Mzg4NTczYzQ2NTMifQ==;alkosto;2025-08-14
Celular MOTOROLA G86 5G 256GB AZUL;1094900.0;1899900.0;https://www.alkosto.com/celular-motorola-g86-5g-256gb-azul/p/840493605074?algEvent=eyJvYmplY3RJZCI6Ijg0MDQ5MzYwNTA3NCIsImluZGV4IjoiYWxrb3N0b0luZGV4QWxnb2xpYVBSRCIsImFjdGlvbiI6InZpZXciLCJxdWVyeUlEIjoiMTZiMTMzMmI0NGRiZTZiZTY2NjI1Mzg4NTczYzQ2NTMifQ==;alkosto;2025-08-14
Celular SAMSUNG Galaxy A56 256GB 5G Gris;1749900.0;2399900.0;https://www.alkosto.com/celular-samsung-galaxy-a56-256gb-5g-gris/p/8806097117186?algEvent=eyJvYmplY3RJZCI6Ijg4MDYwOTcxMTcxODYiLCJpbmRleCI6ImFsa29zdG9JbmRleEFsZ29saWFQUkQiLCJhY3Rpb24iOiJ2aWV3IiwicXVlcnlJRCI6IjE2YjEzMzJiNDRkYmU2YmU2NjYyNTM4ODU3M2M0NjUzIn0=;alkosto;2025-08-14
Celular HONOR X8c 512GB Negro;999900.0;2299000.0;https://www.alkosto.com/celular-honor-x8c-512gb-negro/p/6936520873999?algEvent=eyJvYmplY3RJZCI6IjY5MzY1MjA4NzM5OTkiLCJpbmRleCI6ImFsa29zdG9JbmRleEFsZ29saWFQUkQiLCJhY3Rpb24iOiJ2aWV3IiwicXVlcnlJRCI6IjE2YjEzMzJiNDRkYmU2YmU2NjYyNTM4ODU3M2M0NjUzIn0=;alkosto;2025-08-14
Celular MOTOROLA Edge 60 Fusion 256GB 5G Azul;1349900.0;2299900.0;https://www.alkosto.com/celular-motorola-edge-60-fusion-256gb-5g-azul/p/840023293788?algEvent=eyJvYmplY3RJZCI6Ijg0MDAyMzI5Mzc4OCIsImluZGV4IjoiYWxrb3N0b0luZGV4QWxnb2xpYVBSRCIsImFjdGlvbiI6InZpZXciLCJxdWVyeUlEIjoiYmQ2N2ExZjlkNDhkYzg1MGM1ODZjOTUyNzI1ZWU3MDAifQ==;alkosto;2025-08-14
Celular ZTE V70 Design 256GB Rosado;399900.0;859900.0;https://www.alkosto.com/celular-zte-v70-design-256gb-rosado/p/6902176133770?algEvent=eyJvYmplY3RJZCI6IjY5MDIxNzYxMzM3NzAiLCJpbmRleCI6ImFsa29zdG9JbmRleEFsZ29saWFQUkQiLCJhY3Rpb24iOiJ2aWV3IiwicXVlcnlJRCI6ImJkNjdhMWY5ZDQ4ZGM4NTBjNTg2Yzk1MjcyNWVlNzAwIn0=;alkosto;2025-08-14
Celular HONOR 400 512GB 5G Negro + Reloj;2799900.0;3599900.0;https://www.alkosto.com/celular-honor-400-512gb-5g-negro-reloj/p/7709997365873?algEvent=eyJvYmplY3RJZCI6Ijc3MDk5OTczNjU4NzMiLCJpbmRleCI6ImFsa29zdG9JbmRleEFsZ29saWFQUkQiLCJhY3Rpb24iOiJ2aWV3IiwicXVlcnlJRCI6ImJkNjdhMWY5ZDQ4ZGM4NTBjNTg2Yzk1MjcyNWVlNzAwIn0=;alkosto;2025-08-14
Celular MOTOROLA G05 128GB Rojo;389900.0;699900.0;https://www.alkosto.com/celular-motorola-g05-128gb-rojo/p/840023280436?algEvent=eyJvYmplY3RJZCI6Ijg0MDAyMzI4MDQzNiIsImluZGV4IjoiYWxrb3N0b0luZGV4QWxnb2xpYVBSRCIsImFjdGlvbiI6InZpZXciLCJxdWVyeUlEIjoiYmQ2N2ExZjlkNDhkYzg1MGM1ODZjOTUyNzI1ZWU3MDAifQ==;alkosto;2025-08-14
Celular TECNO Camon 40 pro 256GB Gris Titanium;1094900.0;1999900.0;https://www.alkosto.com/celular-tecno-camon-40-pro-256gb-gris-titanium/p/4894947096372?algEvent=eyJvYmplY3RJZCI6IjQ4OTQ5NDcwOTYzNzIiLCJpbmRleCI6ImFsa29zdG9JbmRleEFsZ29saWFQUkQiLCJhY3Rpb24iOiJ2aWV3IiwicXVlcnlJRCI6ImJkNjdhMWY5ZDQ4ZGM4NTBjNTg2Yzk1MjcyNWVlNzAwIn0=;alkosto;2025-08-14
Celular SAMSUNG Galaxy A06 128GB Azul;399900.0;529900.0;https://www.alkosto.com/celular-samsung-galaxy-a06-128gb-azul/p/8806095817552?algEvent=eyJvYmplY3RJZCI6Ijg4MDYwOTU4MTc1NTIiLCJpbmRleCI6ImFsa29zdG9JbmRleEFsZ29saWFQUkQiLCJhY3Rpb24iOiJ2aWV3IiwicXVlcnlJRCI6ImJkNjdhMWY5ZDQ4ZGM4NTBjNTg2Yzk1MjcyNWVlNzAwIn0=;alkosto;2025-08-14
Celular HONOR X5b Plus 256GB Purpura;479900.0;799900.0;https://www.alkosto.com/celular-honor-x5b-plus-256gb-purpura/p/6936520855360?algEvent=eyJvYmplY3RJZCI6IjY5MzY1MjA4NTUzNjAiLCJpbmRleCI6ImFsa29zdG9JbmRleEFsZ29saWFQUkQiLCJhY3Rpb24iOiJ2aWV3IiwicXVlcnlJRCI6ImJkNjdhMWY5ZDQ4ZGM4NTBjNTg2Yzk1MjcyNWVlNzAwIn0=;alkosto;2025-08-14
Celular HONOR X5b Plus 256GB Azul Oceano;479900.0;799900.0;https://www.alkosto.com/celular-honor-x5b-plus-256gb-azul-oceano/p/6936520855377?algEvent=eyJvYmplY3RJZCI6IjY5MzY1MjA4NTUzNzciLCJpbmRleCI6ImFsa29zdG9JbmRleEFsZ29saWFQUkQiLCJhY3Rpb24iOiJ2aWV3IiwicXVlcnlJRCI6ImJkNjdhMWY5ZDQ4ZGM4NTBjNTg2Yzk1MjcyNWVlNzAwIn0=;alkosto;2025-08-14
iPhone 15 128 GB 5G Verde;4059010.0;4599010.0;https://www.alkosto.com/iphone-15-128gb-5g-verde/p/195949036637?algEvent=eyJvYmplY3RJZCI6IjE5NTk0OTAzNjYzNyIsImluZGV4IjoiYWxrb3N0b0luZGV4QWxnb2xpYVBSRCIsImFjdGlvbiI6InZpZXciLCJxdWVyeUlEIjoiYmQ2N2ExZjlkNDhkYzg1MGM1ODZjOTUyNzI1ZWU3MDAifQ==;alkosto;2025-08-14
Celular REALME C75 256GB Negro;799900.0;999900.0;https://www.alkosto.com/celular-realme-c75-256gb-negro/p/6941764450417?algEvent=eyJvYmplY3RJZCI6IjY5NDE3NjQ0NTA0MTciLCJpbmRleCI6ImFsa29zdG9JbmRleEFsZ29saWFQUkQiLCJhY3Rpb24iOiJ2aWV3IiwicXVlcnlJRCI6ImJkNjdhMWY5ZDQ4ZGM4NTBjNTg2Yzk1MjcyNWVlNzAwIn0=;alkosto;2025-08-14
Celular REDMI 14C 256 GB Azul;499900.0;999900.0;https://www.alkosto.com/celular-redmi-14c-256-gb-azul/p/6941812787298?algEvent=eyJvYmplY3RJZCI6IjY5NDE4MTI3ODcyOTgiLCJpbmRleCI6ImFsa29zdG9JbmRleEFsZ29saWFQUkQiLCJhY3Rpb24iOiJ2aWV3IiwicXVlcnlJRCI6ImJkNjdhMWY5ZDQ4ZGM4NTBjNTg2Yzk1MjcyNWVlNzAwIn0=;alkosto;2025-08-14
Celular ZTE A55 128GB Negro;299900.0;499900.0;https://www.alkosto.com/celular-zte-a55-128gb-negro/p/6902176127427?algEvent=eyJvYmplY3RJZCI6IjY5MDIxNzYxMjc0MjciLCJpbmRleCI6ImFsa29zdG9JbmRleEFsZ29saWFQUkQiLCJhY3Rpb24iOiJ2aWV3IiwicXVlcnlJRCI6ImJkNjdhMWY5ZDQ4ZGM4NTBjNTg2Yzk1MjcyNWVlNzAwIn0=;alkosto;2025-08-14
Celular MOTOROLA Edge 60 Fusion 256GB 5G Verde;1349900.0;2299900.0;https://www.alkosto.com/celular-motorola-edge-60-fusion-256gb-5g-verde/p/840023293795?algEvent=eyJvYmplY3RJZCI6Ijg0MDAyMzI5Mzc5NSIsImluZGV4IjoiYWxrb3N0b0luZGV4QWxnb2xpYVBSRCIsImFjdGlvbiI6InZpZXciLCJxdWVyeUlEIjoiYmQ2N2ExZjlkNDhkYzg1MGM1ODZjOTUyNzI1ZWU3MDAifQ==;alkosto;2025-08-14
Celular MOTOROLA G04s 128GB Negro;349900.0;699900.0;https://www.alkosto.com/celular-motorola-g04s-128gb-negro/p/840023266898?algEvent=eyJvYmplY3RJZCI6Ijg0MDAyMzI2Njg5OCIsImluZGV4IjoiYWxrb3N0b0luZGV4QWxnb2xpYVBSRCIsImFjdGlvbiI6InZpZXciLCJxdWVyeUlEIjoiYmQ2N2ExZjlkNDhkYzg1MGM1ODZjOTUyNzI1ZWU3MDAifQ==;alkosto;2025-08-14
iPhone 16 Pro Max 256 GB Titanio Natural;6969010.0;;https://www.alkosto.com/iphone-16-pro-max-256gb-titanio-natural/p/195949806223?algEvent=eyJvYmplY3RJZCI6IjE5NTk0OTgwNjIyMyIsImluZGV4IjoiYWxrb3N0b0luZGV4QWxnb2xpYVBSRCIsImFjdGlvbiI6InZpZXciLCJxdWVyeUlEIjoiYmQ2N2ExZjlkNDhkYzg1MGM1ODZjOTUyNzI1ZWU3MDAifQ==;alkosto;2025-08-14
Celular XIAOMI 14T Pro 512GB 5G Gris + Tablet;3099900.0;5499900.0;https://www.alkosto.com/celular-xiaomi-14t-pro-512gb-5g-gris-tablet/p/6941812788837?algEvent=eyJvYmplY3RJZCI6IjY5NDE4MTI3ODg4MzciLCJpbmRleCI6ImFsa29zdG9JbmRleEFsZ29saWFQUkQiLCJhY3Rpb24iOiJ2aWV3IiwicXVlcnlJRCI6ImJkNjdhMWY5ZDQ4ZGM4NTBjNTg2Yzk1MjcyNWVlNzAwIn0=;alkosto;2025-08-14
Celular XIAOMI 14T Pro 512GB 5G Azul + Tablet;3099900.0;5499900.0;https://www.alkosto.com/celular-xiaomi-14t-pro-512gb-5g-azul-tablet/p/6941812788981?algEvent=eyJvYmplY3RJZCI6IjY5NDE4MTI3ODg5ODEiLCJpbmRleCI6ImFsa29zdG9JbmRleEFsZ29saWFQUkQiLCJhY3Rpb24iOiJ2aWV3IiwicXVlcnlJRCI6ImJkNjdhMWY5ZDQ4ZGM4NTBjNTg2Yzk1MjcyNWVlNzAwIn0=;alkosto;2025-08-14
Celular REDMI Note 14 256GB 5G Negro;999900.0;1599900.0;https://www.alkosto.com/celular-redmi-note-14-256gb-5g-negro/p/6932554404734?algEvent=eyJvYmplY3RJZCI6IjY5MzI1NTQ0MDQ3MzQiLCJpbmRleCI6ImFsa29zdG9JbmRleEFsZ29saWFQUkQiLCJhY3Rpb24iOiJ2aWV3IiwicXVlcnlJRCI6ImJkNjdhMWY5ZDQ4ZGM4NTBjNTg2Yzk1MjcyNWVlNzAwIn0=;alkosto;2025-08-14
Celular MOTOROLA G56 256GB 5G Azul Oscuro;899900.0;1599900.0;https://www.alkosto.com/celular-motorola-g56-256gb-5g-azul-oscuro/p/840023293511?algEvent=eyJvYmplY3RJZCI6Ijg0MDAyMzI5MzUxMSIsImluZGV4IjoiYWxrb3N0b0luZGV4QWxnb2xpYVBSRCIsImFjdGlvbiI6InZpZXciLCJxdWVyeUlEIjoiYmQ2N2ExZjlkNDhkYzg1MGM1ODZjOTUyNzI1ZWU3MDAifQ==;alkosto;2025-08-14
Celular SAMSUNG Galaxy A06 128GB Verde;399900.0;529900.0;https://www.alkosto.com/celular-samsung-galaxy-a06-128gb-verde/p/8806095817576?algEvent=eyJvYmplY3RJZCI6Ijg4MDYwOTU4MTc1NzYiLCJpbmRleCI6ImFsa29zdG9JbmRleEFsZ29saWFQUkQiLCJhY3Rpb24iOiJ2aWV3IiwicXVlcnlJRCI6ImJkNjdhMWY5ZDQ4ZGM4NTBjNTg2Yzk1MjcyNWVlNzAwIn0=;alkosto;2025-08-14
Celular MOTOROLA G35 256GB 5G Naranja;584900.0;1299900.0;https://www.alkosto.com/celular-motorola-g35-256gb-5g-naranja/p/840023269974?algEvent=eyJvYmplY3RJZCI6Ijg0MDAyMzI2OTk3NCIsImluZGV4IjoiYWxrb3N0b0luZGV4QWxnb2xpYVBSRCIsImFjdGlvbiI6InZpZXciLCJxdWVyeUlEIjoiYmQ2N2ExZjlkNDhkYzg1MGM1ODZjOTUyNzI1ZWU3MDAifQ==;alkosto;2025-08-14
Celular TECNO Spark 40Pro+ 256GB Gris Titanium;859900.0;1999900.0;https://www.alkosto.com/celular-tecno-spark-40pro-256gb-gris-titanium/p/4894947096358?algEvent=eyJvYmplY3RJZCI6IjQ4OTQ5NDcwOTYzNTgiLCJpbmRleCI6ImFsa29zdG9JbmRleEFsZ29saWFQUkQiLCJhY3Rpb24iOiJ2aWV3IiwicXVlcnlJRCI6ImJkNjdhMWY5ZDQ4ZGM4NTBjNTg2Yzk1MjcyNWVlNzAwIn0=;alkosto;2025-08-14
iPhone 16e 256GB Negro;4069010.0;;https://www.alkosto.com/iphone-16e-256gb-negro/p/195950051933?algEvent=eyJvYmplY3RJZCI6IjE5NTk1MDA1MTkzMyIsImluZGV4IjoiYWxrb3N0b0luZGV4QWxnb2xpYVBSRCIsImFjdGlvbiI6InZpZXciLCJxdWVyeUlEIjoiYmQ2N2ExZjlkNDhkYzg1MGM1ODZjOTUyNzI1ZWU3MDAifQ==;alkosto;2025-08-14
Celular REDMI Note 14 Pro 256GB 5G Negro;1599900.0;2699010.0;https://www.alkosto.com/celular-redmi-note-14-pro-256gb-5g-negro/p/6941812757765?algEvent=eyJvYmplY3RJZCI6IjY5NDE4MTI3NTc3NjUiLCJpbmRleCI6ImFsa29zdG9JbmRleEFsZ29saWFQUkQiLCJhY3Rpb24iOiJ2aWV3IiwicXVlcnlJRCI6ImJkNjdhMWY5ZDQ4ZGM4NTBjNTg2Yzk1MjcyNWVlNzAwIn0=;alkosto;2025-08-14
Celular REDMI Note 14 256GB 5G Morado;999900.0;1599900.0;https://www.alkosto.com/celular-redmi-note-14-256gb-5g-morado/p/6932554404598?algEvent=eyJvYmplY3RJZCI6IjY5MzI1NTQ0MDQ1OTgiLCJpbmRleCI6ImFsa29zdG9JbmRleEFsZ29saWFQUkQiLCJhY3Rpb24iOiJ2aWV3IiwicXVlcnlJRCI6ImJkNjdhMWY5ZDQ4ZGM4NTBjNTg2Yzk1MjcyNWVlNzAwIn0=;alkosto;2025-08-14
Celular VIVO Y04 128GB Morado;549900.0;999900.0;https://www.alkosto.com/celular-vivo-y04-128gb-morado/p/6935117898223?algEvent=eyJvYmplY3RJZCI6IjY5MzUxMTc4OTgyMjMiLCJpbmRleCI6ImFsa29zdG9JbmRleEFsZ29saWFQUkQiLCJhY3Rpb24iOiJ2aWV3IiwicXVlcnlJRCI6ImVmZDhkM2E4ZmNiNzQxYzFiNGE4MDcxMGJmMDc2Zjg3In0=;alkosto;2025-08-14
Celular ZTE A55 128GB Azul;299900.0;499900.0;https://www.alkosto.com/celular-zte-a55-128gb-azul/p/6902176127403?algEvent=eyJvYmplY3RJZCI6IjY5MDIxNzYxMjc0MDMiLCJpbmRleCI6ImFsa29zdG9JbmRleEFsZ29saWFQUkQiLCJhY3Rpb24iOiJ2aWV3IiwicXVlcnlJRCI6ImVmZDhkM2E4ZmNiNzQxYzFiNGE4MDcxMGJmMDc2Zjg3In0=;alkosto;2025-08-14
Celular SAMSUNG Galaxy A56 256GB 5G Verde;1749900.0;2399900.0;https://www.alkosto.com/celular-samsung-galaxy-a56-256gb-5g-verde/p/8806097117148?algEvent=eyJvYmplY3RJZCI6Ijg4MDYwOTcxMTcxNDgiLCJpbmRleCI6ImFsa29zdG9JbmRleEFsZ29saWFQUkQiLCJhY3Rpb24iOiJ2aWV3IiwicXVlcnlJRCI6ImVmZDhkM2E4ZmNiNzQxYzFiNGE4MDcxMGJmMDc2Zjg3In0=;alkosto;2025-08-14
iPhone 16 Pro 256 GB Titanio Blanco;6379010.0;;https://www.alkosto.com/iphone-16-pro-256gb-titanio-blanco/p/195949771996?algEvent=eyJvYmplY3RJZCI6IjE5NTk0OTc3MTk5NiIsImluZGV4IjoiYWxrb3N0b0luZGV4QWxnb2xpYVBSRCIsImFjdGlvbiI6InZpZXciLCJxdWVyeUlEIjoiZWZkOGQzYThmY2I3NDFjMWI0YTgwNzEwYmYwNzZmODcifQ==;alkosto;2025-08-14
Celular VIVO Y04 128GB Negro;549900.0;999900.0;https://www.alkosto.com/celular-vivo-y04-128gb-negro/p/6935117898155?algEvent=eyJvYmplY3RJZCI6IjY5MzUxMTc4OTgxNTUiLCJpbmRleCI6ImFsa29zdG9JbmRleEFsZ29saWFQUkQiLCJhY3Rpb24iOiJ2aWV3IiwicXVlcnlJRCI6ImVmZDhkM2E4ZmNiNzQxYzFiNGE4MDcxMGJmMDc2Zjg3In0=;alkosto;2025-08-14
Celular VIVO Y19S Pro 256GB Negro;799900.0;1799900.0;https://www.alkosto.com/celular-vivo-y19s-pro-256gb-negro/p/6932204502612?algEvent=eyJvYmplY3RJZCI6IjY5MzIyMDQ1MDI2MTIiLCJpbmRleCI6ImFsa29zdG9JbmRleEFsZ29saWFQUkQiLCJhY3Rpb24iOiJ2aWV3IiwicXVlcnlJRCI6ImVmZDhkM2E4ZmNiNzQxYzFiNGE4MDcxMGJmMDc2Zjg3In0=;alkosto;2025-08-14
Celular SAMSUNG Galaxy S24FE 512GB 5G Verde;2999990.0;4549990.0;https://www.alkosto.com/celular-samsung-galaxy-s24fe-512gb-5g-verde/p/8806095746326?algEvent=eyJvYmplY3RJZCI6Ijg4MDYwOTU3NDYzMjYiLCJpbmRleCI6ImFsa29zdG9JbmRleEFsZ29saWFQUkQiLCJhY3Rpb24iOiJ2aWV3IiwicXVlcnlJRCI6ImVmZDhkM2E4ZmNiNzQxYzFiNGE4MDcxMGJmMDc2Zjg3In0=;alkosto;2025-08-14
Celular TECNO Camon 40 Pro 256GB Verde;1094900.0;1999900.0;https://www.alkosto.com/celular-tecno-camon-40-pro-256gb-verde/p/4894947068652?algEvent=eyJvYmplY3RJZCI6IjQ4OTQ5NDcwNjg2NTIiLCJpbmRleCI6ImFsa29zdG9JbmRleEFsZ29saWFQUkQiLCJhY3Rpb24iOiJ2aWV3IiwicXVlcnlJRCI6ImVmZDhkM2E4ZmNiNzQxYzFiNGE4MDcxMGJmMDc2Zjg3In0=;alkosto;2025-08-14
Celular TECNO Spark Go1 128GB Negro;379900.0;799900.0;https://www.alkosto.com/celular-tecno-spark-go1-128gb-negro/p/4894947036163?algEvent=eyJvYmplY3RJZCI6IjQ4OTQ5NDcwMzYxNjMiLCJpbmRleCI6ImFsa29zdG9JbmRleEFsZ29saWFQUkQiLCJhY3Rpb24iOiJ2aWV3IiwicXVlcnlJRCI6ImVmZDhkM2E4ZmNiNzQxYzFiNGE4MDcxMGJmMDc2Zjg3In0=;alkosto;2025-08-14
Celular REDMI Note 14S 256GB Morado;999900.0;1699900.0;https://www.alkosto.com/celular-redmi-note-14s-256gb-morado/p/6932554431976?algEvent=eyJvYmplY3RJZCI6IjY5MzI1NTQ0MzE5NzYiLCJpbmRleCI6ImFsa29zdG9JbmRleEFsZ29saWFQUkQiLCJhY3Rpb24iOiJ2aWV3IiwicXVlcnlJRCI6ImVmZDhkM2E4ZmNiNzQxYzFiNGE4MDcxMGJmMDc2Zjg3In0=;alkosto;2025-08-14
Celular REDMI A5 128GB Dorado;379900.0;499900.0;https://www.alkosto.com/celular-redmi-a5-128gb-dorado/p/6932554425463?algEvent=eyJvYmplY3RJZCI6IjY5MzI1NTQ0MjU0NjMiLCJpbmRleCI6ImFsa29zdG9JbmRleEFsZ29saWFQUkQiLCJhY3Rpb24iOiJ2aWV3IiwicXVlcnlJRCI6ImVmZDhkM2E4ZmNiNzQxYzFiNGE4MDcxMGJmMDc2Zjg3In0=;alkosto;2025-08-14
Celular VIVO V50 LITE 5G 256GB + Audifonos;1999900.0;3599900.0;https://www.alkosto.com/celular-vivo-v50-lite-5g-256gb-audifonos/p/7708216980521?algEvent=eyJvYmplY3RJZCI6Ijc3MDgyMTY5ODA1MjEiLCJpbmRleCI6ImFsa29zdG9JbmRleEFsZ29saWFQUkQiLCJhY3Rpb24iOiJ2aWV3IiwicXVlcnlJRCI6ImVmZDhkM2E4ZmNiNzQxYzFiNGE4MDcxMGJmMDc2Zjg3In0=;alkosto;2025-08-14
Celular TECNO Spark 40Pro+ 256GB Blanco;859900.0;1999900.0;https://www.alkosto.com/celular-tecno-spark-40pro-256gb-blanco/p/4894947096341?algEvent=eyJvYmplY3RJZCI6IjQ4OTQ5NDcwOTYzNDEiLCJpbmRleCI6ImFsa29zdG9JbmRleEFsZ29saWFQUkQiLCJhY3Rpb24iOiJ2aWV3IiwicXVlcnlJRCI6ImVmZDhkM2E4ZmNiNzQxYzFiNGE4MDcxMGJmMDc2Zjg3In0=;alkosto;2025-08-14
Celular REALME Note 60X 128GB Negro;389900.0;649900.0;https://www.alkosto.com/celular-realme-note-60x-128gb-negro/p/6941764452930?algEvent=eyJvYmplY3RJZCI6IjY5NDE3NjQ0NTI5MzAiLCJpbmRleCI6ImFsa29zdG9JbmRleEFsZ29saWFQUkQiLCJhY3Rpb24iOiJ2aWV3IiwicXVlcnlJRCI6ImVmZDhkM2E4ZmNiNzQxYzFiNGE4MDcxMGJmMDc2Zjg3In0=;alkosto;2025-08-14
Celular REDMI A5 128GB Negro;379900.0;499900.0;https://www.alkosto.com/celular-redmi-a5-128gb-negro/p/6932554425135?algEvent=eyJvYmplY3RJZCI6IjY5MzI1NTQ0MjUxMzUiLCJpbmRleCI6ImFsa29zdG9JbmRleEFsZ29saWFQUkQiLCJhY3Rpb24iOiJ2aWV3IiwicXVlcnlJRCI6ImVmZDhkM2E4ZmNiNzQxYzFiNGE4MDcxMGJmMDc2Zjg3In0=;alkosto;2025-08-14
Celular ZTE Nubia Neo 3 5G Dorado;599900.0;1329900.0;https://www.alkosto.com/celular-zte-nubia-neo-3-5g-dorado/p/6902176140471?algEvent=eyJvYmplY3RJZCI6IjY5MDIxNzYxNDA0NzEiLCJpbmRleCI6ImFsa29zdG9JbmRleEFsZ29saWFQUkQiLCJhY3Rpb24iOiJ2aWV3IiwicXVlcnlJRCI6ImVmZDhkM2E4ZmNiNzQxYzFiNGE4MDcxMGJmMDc2Zjg3In0=;alkosto;2025-08-14
Celular OPPO A5 256GB Verde;699900.0;1599900.0;https://www.alkosto.com/celular-oppo-a5-256gb-verde/p/6932169372800?algEvent=eyJvYmplY3RJZCI6IjY5MzIxNjkzNzI4MDAiLCJpbmRleCI6ImFsa29zdG9JbmRleEFsZ29saWFQUkQiLCJhY3Rpb24iOiJ2aWV3IiwicXVlcnlJRCI6ImVmZDhkM2E4ZmNiNzQxYzFiNGE4MDcxMGJmMDc2Zjg3In0=;alkosto;2025-08-14
Celular REDMI Note 14S 256GB Negro;999900.0;1699900.0;https://www.alkosto.com/celular-redmi-note-14s-256gb-negro/p/6932554429133?algEvent=eyJvYmplY3RJZCI6IjY5MzI1NTQ0MjkxMzMiLCJpbmRleCI6ImFsa29zdG9JbmRleEFsZ29saWFQUkQiLCJhY3Rpb24iOiJ2aWV3IiwicXVlcnlJRCI6ImVmZDhkM2E4ZmNiNzQxYzFiNGE4MDcxMGJmMDc2Zjg3In0=;alkosto;2025-08-14
Celular MOTOROLA G86 5G 256GB Rojo;1094900.0;1899900.0;https://www.alkosto.com/celular-motorola-g86-5g-256gb-rojo/p/840493606194?algEvent=eyJvYmplY3RJZCI6Ijg0MDQ5MzYwNjE5NCIsImluZGV4IjoiYWxrb3N0b0luZGV4QWxnb2xpYVBSRCIsImFjdGlvbiI6InZpZXciLCJxdWVyeUlEIjoiZWZkOGQzYThmY2I3NDFjMWI0YTgwNzEwYmYwNzZmODcifQ==;alkosto;2025-08-14
Celular ZTE V70 Design 256GB Verde;399900.0;859900.0;https://www.alkosto.com/celular-zte-v70-design-256gb-verde/p/6902176133756?algEvent=eyJvYmplY3RJZCI6IjY5MDIxNzYxMzM3NTYiLCJpbmRleCI6ImFsa29zdG9JbmRleEFsZ29saWFQUkQiLCJhY3Rpb24iOiJ2aWV3IiwicXVlcnlJRCI6ImVmZDhkM2E4ZmNiNzQxYzFiNGE4MDcxMGJmMDc2Zjg3In0=;alkosto;2025-08-14
Celular REDMI 14C 128GB Negro;399900.0;899900.0;https://www.alkosto.com/celular-redmi-14c-128gb-negro/p/6941812798317?algEvent=eyJvYmplY3RJZCI6IjY5NDE4MTI3OTgzMTciLCJpbmRleCI6ImFsa29zdG9JbmRleEFsZ29saWFQUkQiLCJhY3Rpb24iOiJ2aWV3IiwicXVlcnlJRCI6ImVmZDhkM2E4ZmNiNzQxYzFiNGE4MDcxMGJmMDc2Zjg3In0=;alkosto;2025-08-14
iPhone 15 128 GB 5G Azul;4059010.0;4599010.0;https://www.alkosto.com/iphone-15-128gb-5g-azul/p/195949036453?algEvent=eyJvYmplY3RJZCI6IjE5NTk0OTAzNjQ1MyIsImluZGV4IjoiYWxrb3N0b0luZGV4QWxnb2xpYVBSRCIsImFjdGlvbiI6InZpZXciLCJxdWVyeUlEIjoiZWZkOGQzYThmY2I3NDFjMWI0YTgwNzEwYmYwNzZmODcifQ==;alkosto;2025-08-14
Celular MOTOROLA Edge 50 Fusion 512GB 5G Azul;1449900.0;2499900.0;https://www.alkosto.com/celular-motorola-edge-50-fusion-512gb-5g-azul/p/840023285035?algEvent=eyJvYmplY3RJZCI6Ijg0MDAyMzI4NTAzNSIsImluZGV4IjoiYWxrb3N0b0luZGV4QWxnb2xpYVBSRCIsImFjdGlvbiI6InZpZXciLCJxdWVyeUlEIjoiZWZkOGQzYThmY2I3NDFjMWI0YTgwNzEwYmYwNzZmODcifQ==;alkosto;2025-08-14
iPhone 16 128 GB Rosa;4649010.0;;https://www.alkosto.com/iphone-16-128gb-rosa/p/195949822179?algEvent=eyJvYmplY3RJZCI6IjE5NTk0OTgyMjE3OSIsImluZGV4IjoiYWxrb3N0b0luZGV4QWxnb2xpYVBSRCIsImFjdGlvbiI6InZpZXciLCJxdWVyeUlEIjoiZWZkOGQzYThmY2I3NDFjMWI0YTgwNzEwYmYwNzZmODcifQ==;alkosto;2025-08-14
Celular TECNO Spark 30 256GB Blanco;599900.0;999900.0;https://www.alkosto.com/celular-tecno-spark-30-256gb-blanco/p/4894947047916?algEvent=eyJvYmplY3RJZCI6IjQ4OTQ5NDcwNDc5MTYiLCJpbmRleCI6ImFsa29zdG9JbmRleEFsZ29saWFQUkQiLCJhY3Rpb24iOiJ2aWV3IiwicXVlcnlJRCI6ImVmZDhkM2E4ZmNiNzQxYzFiNGE4MDcxMGJmMDc2Zjg3In0=;alkosto;2025-08-14
iPhone 16 Pro Max 256 GB Titanio Blanco;6969010.0;;https://www.alkosto.com/iphone-16-pro-max-256gb-titanio-blanco/p/195949805844?algEvent=eyJvYmplY3RJZCI6IjE5NTk0OTgwNTg0NCIsImluZGV4IjoiYWxrb3N0b0luZGV4QWxnb2xpYVBSRCIsImFjdGlvbiI6InZpZXciLCJxdWVyeUlEIjoiMmQyNTcwZTI1MDAyYzdhZDYxNDFmMmFhZDc5NGUyOGMifQ==;alkosto;2025-08-14
Celular TECNO Camon 40 Pro 256GB Negro;1094900.0;1999900.0;https://www.alkosto.com/celular-tecno-camon-40-pro-256gb-negro/p/4894947068645?algEvent=eyJvYmplY3RJZCI6IjQ4OTQ5NDcwNjg2NDUiLCJpbmRleCI6ImFsa29zdG9JbmRleEFsZ29saWFQUkQiLCJhY3Rpb24iOiJ2aWV3IiwicXVlcnlJRCI6IjJkMjU3MGUyNTAwMmM3YWQ2MTQxZjJhYWQ3OTRlMjhjIn0=;alkosto;2025-08-14
Celular MOTOROLA Edge50Pro 512GB 5G Morado;1999900.0;3999900.0;https://www.alkosto.com/celular-motorola-edge50pro-512gb-5g-morado/p/840023257896?algEvent=eyJvYmplY3RJZCI6Ijg0MDAyMzI1Nzg5NiIsImluZGV4IjoiYWxrb3N0b0luZGV4QWxnb2xpYVBSRCIsImFjdGlvbiI6InZpZXciLCJxdWVyeUlEIjoiMmQyNTcwZTI1MDAyYzdhZDYxNDFmMmFhZDc5NGUyOGMifQ==;alkosto;2025-08-14
Celular VIVO Y19S Pro 256GB Plata;799900.0;1799900.0;https://www.alkosto.com/celular-vivo-y19s-pro-256gb-plata/p/6932204502629?algEvent=eyJvYmplY3RJZCI6IjY5MzIyMDQ1MDI2MjkiLCJpbmRleCI6ImFsa29zdG9JbmRleEFsZ29saWFQUkQiLCJhY3Rpb24iOiJ2aWV3IiwicXVlcnlJRCI6IjJkMjU3MGUyNTAwMmM3YWQ2MTQxZjJhYWQ3OTRlMjhjIn0=;alkosto;2025-08-14
Celular HONOR X5b 128GB Negro;399900.0;649900.0;https://www.alkosto.com/celular-honor-x5b-128gb-negro/p/6936520855520?algEvent=eyJvYmplY3RJZCI6IjY5MzY1MjA4NTU1MjAiLCJpbmRleCI6ImFsa29zdG9JbmRleEFsZ29saWFQUkQiLCJhY3Rpb24iOiJ2aWV3IiwicXVlcnlJRCI6IjJkMjU3MGUyNTAwMmM3YWQ2MTQxZjJhYWQ3OTRlMjhjIn0=;alkosto;2025-08-14
Celular KALLEY Black E 64GB Azul;239900.0;349900.0;https://www.alkosto.com/celular-kalley-black-64gb-azul/p/7705946479448?algEvent=eyJvYmplY3RJZCI6Ijc3MDU5NDY0Nzk0NDgiLCJpbmRleCI6ImFsa29zdG9JbmRleEFsZ29saWFQUkQiLCJhY3Rpb24iOiJ2aWV3IiwicXVlcnlJRCI6IjJkMjU3MGUyNTAwMmM3YWQ2MTQxZjJhYWQ3OTRlMjhjIn0=;alkosto;2025-08-14
iPhone 16 256 GB Negro;5219010.0;;https://www.alkosto.com/iphone-16-256gb-negro/p/195949822711?algEvent=eyJvYmplY3RJZCI6IjE5NTk0OTgyMjcxMSIsImluZGV4IjoiYWxrb3N0b0luZGV4QWxnb2xpYVBSRCIsImFjdGlvbiI6InZpZXciLCJxdWVyeUlEIjoiMmQyNTcwZTI1MDAyYzdhZDYxNDFmMmFhZDc5NGUyOGMifQ==;alkosto;2025-08-14
Celular HONOR X6c 256GB Verde;699900.0;1049900.0;https://www.alkosto.com/celular-honor-x6c-256gb-verde/p/6936520869923?algEvent=eyJvYmplY3RJZCI6IjY5MzY1MjA4Njk5MjMiLCJpbmRleCI6ImFsa29zdG9JbmRleEFsZ29saWFQUkQiLCJhY3Rpb24iOiJ2aWV3IiwicXVlcnlJRCI6IjJkMjU3MGUyNTAwMmM3YWQ2MTQxZjJhYWQ3OTRlMjhjIn0=;alkosto;2025-08-14
Celular HONOR X5b 128GB Azul Oceano;399900.0;649900.0;https://www.alkosto.com/celular-honor-x5b-128gb-azul-oceano/p/6936520855544?algEvent=eyJvYmplY3RJZCI6IjY5MzY1MjA4NTU1NDQiLCJpbmRleCI6ImFsa29zdG9JbmRleEFsZ29saWFQUkQiLCJhY3Rpb24iOiJ2aWV3IiwicXVlcnlJRCI6IjJkMjU3MGUyNTAwMmM3YWQ2MTQxZjJhYWQ3OTRlMjhjIn0=;alkosto;2025-08-14
Celular REALME C75 256GB Dorado;799900.0;999900.0;https://www.alkosto.com/celular-realme-c75-256gb-dorado/p/6941764450387?algEvent=eyJvYmplY3RJZCI6IjY5NDE3NjQ0NTAzODciLCJpbmRleCI6ImFsa29zdG9JbmRleEFsZ29saWFQUkQiLCJhY3Rpb24iOiJ2aWV3IiwicXVlcnlJRCI6IjJkMjU3MGUyNTAwMmM3YWQ2MTQxZjJhYWQ3OTRlMjhjIn0=;alkosto;2025-08-14
Celular MOTOROLA G35 256GB 5G Gris Verdoso;584900.0;1299900.0;https://www.alkosto.com/celular-motorola-g35-256gb-5g-gris-verdoso/p/840023279805?algEvent=eyJvYmplY3RJZCI6Ijg0MDAyMzI3OTgwNSIsImluZGV4IjoiYWxrb3N0b0luZGV4QWxnb2xpYVBSRCIsImFjdGlvbiI6InZpZXciLCJxdWVyeUlEIjoiMmQyNTcwZTI1MDAyYzdhZDYxNDFmMmFhZDc5NGUyOGMifQ==;alkosto;2025-08-14
Celular OPPO Reno 13 512GB 5G Azul + Reloj;3499900.0;4999900.0;https://www.alkosto.com/celular-oppo-reno-13-512gb-5g-azul-reloj/p/7708334730442?algEvent=eyJvYmplY3RJZCI6Ijc3MDgzMzQ3MzA0NDIiLCJpbmRleCI6ImFsa29zdG9JbmRleEFsZ29saWFQUkQiLCJhY3Rpb24iOiJ2aWV3IiwicXVlcnlJRCI6IjJkMjU3MGUyNTAwMmM3YWQ2MTQxZjJhYWQ3OTRlMjhjIn0=;alkosto;2025-08-14
Celular MOTOROLA G56 256GB 5G Verde;899900.0;1599900.0;https://www.alkosto.com/celular-motorola-g56-256gb-5g-verde/p/840023293498?algEvent=eyJvYmplY3RJZCI6Ijg0MDAyMzI5MzQ5OCIsImluZGV4IjoiYWxrb3N0b0luZGV4QWxnb2xpYVBSRCIsImFjdGlvbiI6InZpZXciLCJxdWVyeUlEIjoiMmQyNTcwZTI1MDAyYzdhZDYxNDFmMmFhZDc5NGUyOGMifQ==;alkosto;2025-08-14
Celular TECNO Spark Go1 128GB Blanco;379900.0;799900.0;https://www.alkosto.com/celular-tecno-spark-go1-128gb-blanco/p/4894947036194?algEvent=eyJvYmplY3RJZCI6IjQ4OTQ5NDcwMzYxOTQiLCJpbmRleCI6ImFsa29zdG9JbmRleEFsZ29saWFQUkQiLCJhY3Rpb24iOiJ2aWV3IiwicXVlcnlJRCI6IjJkMjU3MGUyNTAwMmM3YWQ2MTQxZjJhYWQ3OTRlMjhjIn0=;alkosto;2025-08-14
Celular HONOR X8c 256GB 5G Gris + Kit Obsequios;1499900.0;2099900.0;https://www.alkosto.com/celular-honor-x8c-256gb-5g-gris-kit-obsequios/p/7707945527472?algEvent=eyJvYmplY3RJZCI6Ijc3MDc5NDU1Mjc0NzIiLCJpbmRleCI6ImFsa29zdG9JbmRleEFsZ29saWFQUkQiLCJhY3Rpb24iOiJ2aWV3IiwicXVlcnlJRCI6IjJkMjU3MGUyNTAwMmM3YWQ2MTQxZjJhYWQ3OTRlMjhjIn0=;alkosto;2025-08-14
Celular MOTOROLA Edge 60 512GB 5G Azul;2199900.0;2999900.0;https://www.alkosto.com/celular-motorola-edge-60-512gb-5g-azul/p/840023296963?algEvent=eyJvYmplY3RJZCI6Ijg0MDAyMzI5Njk2MyIsImluZGV4IjoiYWxrb3N0b0luZGV4QWxnb2xpYVBSRCIsImFjdGlvbiI6InZpZXciLCJxdWVyeUlEIjoiMmQyNTcwZTI1MDAyYzdhZDYxNDFmMmFhZDc5NGUyOGMifQ==;alkosto;2025-08-14
iPhone 16 Pro 128 GB Titanio Negro;5799010.0;;https://www.alkosto.com/iphone-16-pro-128gb-titanio-negro/p/195949771040?algEvent=eyJvYmplY3RJZCI6IjE5NTk0OTc3MTA0MCIsImluZGV4IjoiYWxrb3N0b0luZGV4QWxnb2xpYVBSRCIsImFjdGlvbiI6InZpZXciLCJxdWVyeUlEIjoiMmQyNTcwZTI1MDAyYzdhZDYxNDFmMmFhZDc5NGUyOGMifQ==;alkosto;2025-08-14
Celular HONOR X6c 256GB Negro;699900.0;1049900.0;https://www.alkosto.com/celular-honor-x6c-256gb-negro/p/6936520869916?algEvent=eyJvYmplY3RJZCI6IjY5MzY1MjA4Njk5MTYiLCJpbmRleCI6ImFsa29zdG9JbmRleEFsZ29saWFQUkQiLCJhY3Rpb24iOiJ2aWV3IiwicXVlcnlJRCI6IjJkMjU3MGUyNTAwMmM3YWQ2MTQxZjJhYWQ3OTRlMjhjIn0=;alkosto;2025-08-14
Celular REALME C71 4G 256GB Verde;599900.0;899900.0;https://www.alkosto.com/celular-realme-c71-4g-256gb-verde/p/6941764467330?algEvent=eyJvYmplY3RJZCI6IjY5NDE3NjQ0NjczMzAiLCJpbmRleCI6ImFsa29zdG9JbmRleEFsZ29saWFQUkQiLCJhY3Rpb24iOiJ2aWV3IiwicXVlcnlJRCI6IjJkMjU3MGUyNTAwMmM3YWQ2MTQxZjJhYWQ3OTRlMjhjIn0=;alkosto;2025-08-14
iPhone 16 256 GB Blanco;5219010.0;;https://www.alkosto.com/iphone-16-256gb-blanco/p/195949822896?algEvent=eyJvYmplY3RJZCI6IjE5NTk0OTgyMjg5NiIsImluZGV4IjoiYWxrb3N0b0luZGV4QWxnb2xpYVBSRCIsImFjdGlvbiI6InZpZXciLCJxdWVyeUlEIjoiMmQyNTcwZTI1MDAyYzdhZDYxNDFmMmFhZDc5NGUyOGMifQ==;alkosto;2025-08-14
iPhone 16 128 GB Azul Ultramarino;4649010.0;;https://www.alkosto.com/iphone-16-128gb-azul-ultramarino/p/195949822353?algEvent=eyJvYmplY3RJZCI6IjE5NTk0OTgyMjM1MyIsImluZGV4IjoiYWxrb3N0b0luZGV4QWxnb2xpYVBSRCIsImFjdGlvbiI6InZpZXciLCJxdWVyeUlEIjoiMmQyNTcwZTI1MDAyYzdhZDYxNDFmMmFhZDc5NGUyOGMifQ==;alkosto;2025-08-14
Celular MOTOROLA G15 128GB Gris;429900.0;799900.0;https://www.alkosto.com/celular-motorola-g15-128gb-gris/p/840023280221?algEvent=eyJvYmplY3RJZCI6Ijg0MDAyMzI4MDIyMSIsImluZGV4IjoiYWxrb3N0b0luZGV4QWxnb2xpYVBSRCIsImFjdGlvbiI6InZpZXciLCJxdWVyeUlEIjoiMmQyNTcwZTI1MDAyYzdhZDYxNDFmMmFhZDc5NGUyOGMifQ==;alkosto;2025-08-14
Celular REALME C61 256GB Verde;599900.0;999900.0;https://www.alkosto.com/celular-realme-c61-256gb-verde/p/6941764447141?algEvent=eyJvYmplY3RJZCI6IjY5NDE3NjQ0NDcxNDEiLCJpbmRleCI6ImFsa29zdG9JbmRleEFsZ29saWFQUkQiLCJhY3Rpb24iOiJ2aWV3IiwicXVlcnlJRCI6IjJkMjU3MGUyNTAwMmM3YWQ2MTQxZjJhYWQ3OTRlMjhjIn0=;alkosto;2025-08-14
Celular MOTOROLA E15 64GB Azul;309900.0;499900.0;https://www.alkosto.com/celular-motorola-e15-64gb-azul/p/840023280498?algEvent=eyJvYmplY3RJZCI6Ijg0MDAyMzI4MDQ5OCIsImluZGV4IjoiYWxrb3N0b0luZGV4QWxnb2xpYVBSRCIsImFjdGlvbiI6InZpZXciLCJxdWVyeUlEIjoiMmQyNTcwZTI1MDAyYzdhZDYxNDFmMmFhZDc5NGUyOGMifQ==;alkosto;2025-08-14
Celular KALLEY Black 5 256GB 5G Gris;499900.0;999900.0;https://www.alkosto.com/celular-kalley-black-5-256gb-5g-gris/p/7705946479202?algEvent=eyJvYmplY3RJZCI6Ijc3MDU5NDY0NzkyMDIiLCJpbmRleCI6ImFsa29zdG9JbmRleEFsZ29saWFQUkQiLCJhY3Rpb24iOiJ2aWV3IiwicXVlcnlJRCI6IjJkMjU3MGUyNTAwMmM3YWQ2MTQxZjJhYWQ3OTRlMjhjIn0=;alkosto;2025-08-14
